{
    "accuracy": 0.7928043687761003,
    "precision": 0.7824104234527687,
    "recall": 0.7943121693121693,
    "auc": 0.8703660328035718
}